indicator,milieu,value,source
pct_illiterate,all,43.0,"HCP, RGPH 2004, Caractéristiques démographiques et socio-économiques de la population, rapport national, tab. 13 (PDF p. 23) (https://www.hcp.ma/region-drda/attachment/396872/)"
pct_single,all,39.7,"HCP, RGPH 2004, Caractéristiques démographiques et socio-économiques de la population, rapport national, tab. 07 (PDF p. 18) (https://www.hcp.ma/region-drda/attachment/396872/)"
pct_married,all,52.7,"HCP, RGPH 2004, Caractéristiques démographiques et socio-économiques de la population, rapport national, tab. 07 (PDF p. 18) (https://www.hcp.ma/region-drda/attachment/396872/)"
pct_divorced,all,2.0,"HCP, RGPH 2004, Caractéristiques démographiques et socio-économiques de la population, rapport national, tab. 07 (PDF p. 18) (https://www.hcp.ma/region-drda/attachment/396872/)"
pct_widowed,all,5.6,"HCP, RGPH 2004, Caractéristiques démographiques et socio-économiques de la population, rapport national, tab. 07 (PDF p. 18) (https://www.hcp.ma/region-drda/attachment/396872/)"
isf,all,2.5,"HCP, RGPH 2004, Caractéristiques démographiques et socio-économiques de la population, rapport national, tab. 11 (PDF p. 21) (https://www.hcp.ma/region-drda/attachment/396872/)"
activity_rate,all,35.9,"HCP, RGPH 2004, Caractéristiques démographiques et socio-économiques de la population, rapport national, tab. 23 (PDF p. 32) (https://www.hcp.ma/region-drda/attachment/396872/)"
hh_size_avg,all,5.24,"HCP, RGPH 2004, Caractéristiques démographiques et socio-économiques de la population, rapport national, fig. 23 (PDF p. 43) (https://www.hcp.ma/region-drda/attachment/396872/)"
pct_kitchen,all,84.3,"HCP, RGPH 2004, Caractéristiques démographiques et socio-économiques de la population, rapport national, tab. 44 (PDF p. 51) (https://www.hcp.ma/region-drda/attachment/396872/)"
pct_toilet,all,81.5,"HCP, RGPH 2004, Caractéristiques démographiques et socio-économiques de la population, rapport national, tab. 44 (PDF p. 51) (https://www.hcp.ma/region-drda/attachment/396872/)"
pct_water,all,57.5,"HCP, RGPH 2004, Caractéristiques démographiques et socio-économiques de la population, rapport national, tab. 44 (PDF p. 51) (https://www.hcp.ma/region-drda/attachment/396872/)"
pct_electricity,all,71.6,"HCP, RGPH 2004, Caractéristiques démographiques et socio-économiques de la population, rapport national, tab. 44 (PDF p. 51) (https://www.hcp.ma/region-drda/attachment/396872/)"
dwell_villa,urban,3.3,"HCP, RGPH 2004, Caractéristiques démographiques et socio-économiques de la population, rapport national, tab. 38 (PDF p. 46) (https://www.hcp.ma/region-drda/attachment/396872/)"
dwell_villa,rural,0.3,"HCP, RGPH 2004, Caractéristiques démographiques et socio-économiques de la population, rapport national, tab. 38 (PDF p. 46) (https://www.hcp.ma/region-drda/attachment/396872/)"
dwell_apartment,urban,12.4,"HCP, RGPH 2004, Caractéristiques démographiques et socio-économiques de la population, rapport national, tab. 38 (PDF p. 46) (https://www.hcp.ma/region-drda/attachment/396872/)"
dwell_apartment,rural,0.1,"HCP, RGPH 2004, Caractéristiques démographiques et socio-économiques de la population, rapport national, tab. 38 (PDF p. 46) (https://www.hcp.ma/region-drda/attachment/396872/)"
pct_slum,urban,8.2,"HCP, RGPH 2004, Caractéristiques démographiques et socio-économiques de la population, rapport national, tab. 38 (PDF p. 46) (https://www.hcp.ma/region-drda/attachment/396872/)"
pct_slum,rural,5.6,"HCP, RGPH 2004, Caractéristiques démographiques et socio-économiques de la population, rapport national, tab. 38 (PDF p. 46) (https://www.hcp.ma/region-drda/attachment/396872/)"
dwell_rural,urban,1.1,"HCP, RGPH 2004, Caractéristiques démographiques et socio-économiques de la population, rapport national, tab. 38 (PDF p. 46) (https://www.hcp.ma/region-drda/attachment/396872/)"
dwell_rural,rural,72.2,"HCP, RGPH 2004, Caractéristiques démographiques et socio-économiques de la population, rapport national, tab. 38 (PDF p. 46) (https://www.hcp.ma/region-drda/attachment/396872/)"
dwell_other,urban,4.3,"HCP, RGPH 2004, Caractéristiques démographiques et socio-économiques de la population, rapport national, tab. 38 (PDF p. 46) (https://www.hcp.ma/region-drda/attachment/396872/)"
dwell_other,rural,3.4,"HCP, RGPH 2004, Caractéristiques démographiques et socio-économiques de la population, rapport national, tab. 38 (PDF p. 46) (https://www.hcp.ma/region-drda/attachment/396872/)"
